comment,replies,date,user_name
"""Those who are enjoying the suffering of others should reflect and ask Allah to do the same with israel [that is not possible for allah]. However, this is a natural disaster, not an action of Allah, if He/She/It is truly God. You may  realize the harm in celebrating someoneâ€™s death is not good if u are truly religious . Supporting humanity is essential, and while supporting Gaza is commendable but celebrating death or suffering is not the way. Remember, Allah may be against you if you think like this. Pray to God to help all innocent peopleâ€”whether they are from Gaza, usa or elsewhere. This lack of compassion is one of the reasons your community [Muslims]faces trust issues worldwide. We all share responsibility for this.""ğŸ™",[],2025-01-16T10:34:05Z,@gauravayodhyi8970
You guys having curse Of Gaza innocents the way you support zoinists but today Gad revenge you,[],2025-01-16T06:06:25Z,@tourismandsportswithshujaa4370
This is so sad of the if the fire hydrant didn go   dry none of this wouldn't happen,[],2025-01-16T04:13:26Z,@Thepeopleschamp1983_
Allah is the super power,[],2025-01-16T03:54:33Z,@NaveedAhmed-hv8np
wheres the most powerfull army in the world? they cant beat a fire?,[],2025-01-15T23:40:14Z,@Mfuao
I feel sick that this is happening and theyâ€™re discussing and arguing for a Budget. Why is money even a subject. Save Lives!,[],2025-01-15T23:38:59Z,@TarmaraStockwin
Lol,[],2025-01-15T22:09:29Z,@RyanM-qy4fo
"Blame your president that threatened to burn the middle east and turn it to hell couple of days ago, its quite a sad thing on what happened in LA but those who did not care about GAZA has finally got the chance to at least experience something from the life in GAZA, whats happening there is not just a g#nocide,its a million times worse than this situation",[],2025-01-15T20:05:34Z,@The_Necro_mancer
Remember this is sign to change our thoughts and behavior before it to late..... Ameen,[],2025-01-15T19:41:32Z,@akirafukimura8342
You can enjoy various competitive beautiful moments with village people here,[],2025-01-15T17:14:45Z,@AbFoodChallenge-a
Call on The Name of JESUS to save your life and home ( Psalm 91 prayer of Protection  ).,[],2025-01-15T17:04:43Z,@MatthewFrasca-eq8mt
"Merci mon Dieu d'avoir montrÃ© ce trÃ¨s bel art, s'il vous plaÃ®t, donnez-leur pire que maintenant parce qu'ils le mÃ©ritent vraiment.",[],2025-01-15T17:03:22Z,@districtsFFF
This look's like a apocalipse happend..,[],2025-01-15T16:49:58Z,@GamerBoy273Official
"Don't Be Proud Trump
Cause
You'll Never Can't Fight The Only One GOD & The Nature Power

So
JUST BE KIND PERSON",[],2025-01-15T16:14:56Z,@Marck-su35
Thankfully the fire has right to protect itself,[],2025-01-15T16:04:17Z,@YoriichiEvA
"The need of the hour is for the winds to stop and the area needs to have a good rainfall for few days to put out the fires. For winds to stop Hanuman chalisa chanting , as Lord Hanuman is son of wind god will help and for rains, a ritual called Varuna Japam to invoke the rain god will help. In Hinduism, the Hanuman Chalisa is believed to provide immense power against physical dangers, as it invokes Lord Hanuman, a deity known for his immense strength and courage, essentially offering protection and the ability to overcome obstacles, both physical and metaphorical, through devotion and recitation of the prayer; people often chant it to seek safety and resilience in the face of potential threats or challenges",[],2025-01-15T15:55:05Z,@jayaramabbaraju7489
praying for animals,[],2025-01-15T15:42:24Z,@Itsnotmeee1
"My name is Naim Ahmed, and Iâ€™m from Bangladesh. This is my first time commenting on CNN news. I just wanted to share my opinion. Iâ€™m deeply hurt by the situation in Los Angeles. I know there are many intelligent people working hard to control the fires. If itâ€™s possible to create canals, I believe this could be an effective solution to prevent the fires.",[],2025-01-15T15:15:29Z,@splendidplacetraveller
You bombed the houses of innocent Palestinians and God set your houses on fire. Surely God is All-Knowing and All-Knowing.,[],2025-01-15T14:42:07Z,@KIDSSTUDIO-j5p
God sees everything,[],2025-01-15T14:39:50Z,@djiiiarilife
Newsom and Bass are totally worthless and incompetent. They both must resign immediately,[],2025-01-15T14:36:13Z,@bricksbyficks6448
"Sodom/Gomara now LA, ???",[],2025-01-15T14:22:38Z,@PallpallKanive-u7s
"Who is GODğŸ™,",[],2025-01-15T14:21:13Z,@PallpallKanive-u7s
Read your holy BIBLE,[],2025-01-15T14:19:13Z,@PallpallKanive-u7s
"Instead of allocating a budget for fires, the American people send 100 billion dollars to Israel, aid the Gaza genocide, and don't the American people ask why their taxes are sent to Israel?",[],2025-01-15T13:41:00Z,@WelmaTV
Biden why are you vetoeing a ceasefire?,[],2025-01-15T12:50:54Z,@Adil1amin
Honestly just 2 weeks after New York game everything was exciting but now everything has gone to an end for this to happen againğŸ˜¢ğŸ˜¢ğŸ˜¢ğŸ˜¢ğŸ˜­ğŸ˜­ğŸ˜­ğŸ˜­ğŸ˜­,[],2025-01-15T12:20:45Z,@GlendaLiu-i4f
Condolences to all the families affected by this natural disaster ğŸ™,[],2025-01-15T11:59:44Z,@bonn356
Why does America spend so little on defending itself and so much on attacking others? You appear to have an Offence Department not a Defence Department.,[],2025-01-15T11:38:29Z,@andrewjenkinson7052
May God protect you.,[],2025-01-15T11:20:09Z,@nasirahemed4923
Wait for more punishment from God...and ask Netanyahu for help,[],2025-01-15T11:14:02Z,@oumabdelwadoudloujaine6197
act of mother nature,[],2025-01-15T11:13:59Z,@benonp3622
Happy new year los Angeles from ghaza,[],2025-01-15T11:08:39Z,@ABDULLAHJAFFER-a
God can't be mocked,[],2025-01-15T11:07:45Z,@alphyzqrw7222
los angeles wildfire end,[],2025-01-15T11:06:56Z,@ShangTsungTehSpartan2001
May God protect them.,[],2025-01-15T11:03:12Z,@nasirahemed4923
"Where is Superman?ğŸ˜‚
Where is Captain America?ğŸ˜‚
Where is Iron Man?ğŸ˜‚
The hell of the Middle East has come to Los Angeles",[],2025-01-15T10:58:32Z,@bakribaras5625
Perhaps not sent billions to a country that bombs civilians? Just a thought.,[],2025-01-15T10:57:06Z,@weremeusbeuning3870
Correct me if I'm wrong but who else feels that the CNN Writer/Editor that made the decision to report on the dark irony of a family loosing their daughter's ashes in this inferno ought to be on the Unemployment Line ASAP! Hello CNN!? What a dim-witted idea! Shameless!,[],2025-01-15T10:39:25Z,@ParadoxHouse-MichaelAngell
"one name : JESUS CHRISTâ€¦ seek mercy, forgiveness & confess. Heâ€™s burning LA to the ground, itâ€™s full of mockery, devil worshipping humans.",[],2025-01-15T10:18:19Z,@STARGLAZE-j3l
What goes around comes around,[],2025-01-15T09:26:03Z,@ibrahimkaradeniz27
Y'ALL NOT ALONE PALESTINIANS UNDERSTANDS YOUR PAIN,[],2025-01-15T08:23:12Z,@CurseBreaker-d9w
I guess the fire is set by China ğŸ˜‚ğŸ˜‚ğŸ˜‚ğŸ˜‚ğŸ˜‚ğŸ˜‚,[],2025-01-15T08:21:25Z,@Wukong1964
Gazaâ¤,[],2025-01-15T08:09:21Z,@mohammedpambodan3894
"Well telling stories, itâ€™s not going to solve the issue and there are thousands of stories from ordinary people who are victims of neglect of human society to protect them from suffering and people usually rich and have insurance and money to rebuild. Itâ€™s good for economy, new jobs for ordinary people and absolutely the building code must be changed and I know what needs to be done and I know that people didnâ€™t see me as human being as they are and as they have need to have rooftop over their heads so as I need that, food and money to survive not for lavish lifestyle for lifestyle that my human body has comfort to comfort Divine power that keeps and Leeds this natural lifecycle of this mortal body. I am only one connected to Divine power of all lifecycle of visible world and when I was trying to understand my human senses of all natural lifecycle and same time providing for my human mortal body and taking responsibility to help my children because itâ€™s my human bloodline that really matters for me personally and always have. I donâ€™t intervene in their personal lives because they live like mine has begun in Divine and they should learn their limits and they reason for human life, respect my bloodline because my human life somehow continues through blood cells but priority that Divine power keeps them moving and being a life is above and beyond your human mind comprehension. Despite all your efforts to destroy me I am here and my human body is a life because I am here not serve you mortals but Divine Power of all life and live my human life as anyone else. I am only one that connected to the source of all life I know that through the power of life within my mortal body despite all your manipulation of my human mind, but I am not the one that you waiting to save you, itâ€™s your belief not mine, keep believing and keep waiting because I donâ€™t believe and I donâ€™t wait because I know no one is coming to save no one. Everyone is capable to save themselves by adjusting to natural changes on planet earth. They were they are and they always will be itâ€™s natural lifecycle that not created by mortals that forget that they time on earth is limited due to their natural lifecycle. 
As I have told you not long ago that there was shift in core of earth angle, trying to find words to describe because your stupidity to understand simplicity is overwhelming and your fantasy and conspiracy runs high on what I say, the earthquake in Virginia is proof that magma moves to New England volcanic chamber. 
Climate itself itself is above the ground natural lifecycle and its not rockets since to understand that those ruins from previous civilisation not from climate change only but as I said before itâ€™s change in natural lifecycle of planet and I didnâ€™t understand how you donâ€™t sense that itâ€™s because of your priorities earthly wealth, greed and worship your mortal flesh not the power that keeps you a life and everyone and everything around you. No morons by sensing natural lifecycle of planet earth and all life around me that is not what I want itâ€™s what itâ€™s and what I sense !!! And up to day I sense manipulation, I sense people still getting to my place and poisoning my food and I donâ€™t want that and nothing much I can do but change locks on my door this time coded one because others I have changed were open and I sensed the energy of strangers in my place and I tried to figure it out what was the reason and reason I knew when I start to have issues. But Divine power senses what I sense and controls all life energy of anyone, you fools canâ€™t fool the power that keeps you a life because your actions are sensed by Divine intelligence and through the power of life you will attract what you wish for me but in different forms because of different lifestyles. Donâ€™t cry you are the reason for my suffering and you are getting way above what you caused based on Divine Law of Justice without privilege. 
You can use your creativity to adopt to changes if you want to survive and I am sure I am not telling anyone to go take what belongs to others but definitely government of all nations must take responsibility for their nations and world community restore Equality in justice for everyone without privilege. No invasion of one nation by another, and being nato member doesnâ€™t mean you can invade another country and take their land !!!
Itâ€™s not about being recognised itâ€™s about Justice. You donâ€™t take what belongs to others as you donâ€™t want them to take what belongs to you. Balance and respect itâ€™s so little to stop madness of man world, yeah system that is created by man and itâ€™s run by man without any human senses because they all about themselves and their creation that forget that they creation is on planet earth that is created not by man and has own rules and regulations system in place. Ok lunatics fight the power that keeps your mortal flesh a life. 
I know British intelligence is behind manipulation now. 
No I am not for merchants manipulation for earthly wealth I am here to use your system but you abused your power by trying to make me your slave. No that was time when you took European women and sold like animals on market to be with man without their natural senses of being in love. I am in love naturally with the Power that keeps my mortal flesh a life and  through that power I am connected to the source of my life and I know source of all life.
I know merchant have sold their souls and they cannot reach the life of eternity because they devoted themselves to earthly purpose no there is no one can get through me to life of eternity because itâ€™s not the way system naturally works, you use me to your advantage but itâ€™s earthly things and for trying to screw me up take my energy lol itâ€™s not my human energy morons because itâ€™s not fed on other humans energy itâ€™s Divine energy within my mortal body to take care of my mortal body not yours that is fed by energy of others. And sun is the source of life that was created by Divine power. I use my human energy to speed the thoughts to process information because a lot of manipulation. 
Sun is my musa and you are my sorrow because I have to use my energy to withstand your manipulation when I want to use to understand my natural senses and I have to figure it out to be less around those lol nice people that have snakes in their hearts itâ€™s monitored by divine system of human life itâ€™s how I know. I know that nothing you can hide from that system and why I am open because I know that system and I am not stupid naive lol because when divine system comes with ideas that ideas can be delivered by the one who receives, itâ€™s based on individual mind capacity to process information.
Biometric data provides you information that there is no one like me. Donâ€™t waste your time and concentrate on your own personal ability.",[],2025-01-15T07:26:47Z,@LanaKaniuka-r1c
Where's ukraine and israelğŸ¤”ğŸ¤”ğŸ¤”,[],2025-01-15T07:16:04Z,@Ruarrrr-n1e
Om mani padme hung hri ğŸ˜”,[],2025-01-15T07:09:56Z,@Gagalogistics
Do we know what all that mean for GTA 6 release date?,[],2025-01-15T06:56:28Z,@OmnigmaTheMaster
Godless city. Lol,[],2025-01-15T06:35:34Z,@thenameisluffyyeah
"Gavin Newsom should pay for this disaster. Gavin Newsom resigns!
Los Angeles Mayor Karen Bass also resigns, she is a disgusting woman
Countless Americans have suffered tremendous hardships because of their political views, with no jobs, unemployment, rising prices, and inability to find the right values â€‹â€‹in life!",[],2025-01-15T06:13:06Z,@IndiaChina2025
Thank God for sending fire and wind from Gaza to California. Uraaaa...ğŸ˜¢ğŸ˜¢ğŸ˜¢,[],2025-01-15T06:09:23Z,@Mawi-dd3wi
"ALHAMDULILLAH, THATS THE ALLAH SWT ANSWER YOU KNOW.......â¤GAZA",[],2025-01-15T05:56:41Z,@bimoeca2207
"Dubai has drones to make artificial rain, they applied on Ethiopia drought affected areas 5 years ago. I think now it is time to apply for fire fights.",[],2025-01-15T05:43:44Z,@MyGirma
Imagine washington-aided calamity in Gaza,[],2025-01-15T05:07:50Z,@dragondawn5346
"https://www.youtube.com/watch?v=zOyoax_wEbw (unbelievable, but true)",[],2025-01-15T04:49:55Z,@dragondawn5346
Shut up and Keep sending ur to Israel,[],2025-01-15T04:39:40Z,@user10u7
"There are 2 major natural diasters in the world this week: LA Fire and China Tibet Province's 6.8 Earthquake. The youtube video below is for the latter since you are already familar with the former and the public official response. Compare the speed and effectiveness of the responses.

https://www.youtube.com/watch?v=v-Uq-lJDs4Q&t=41s

The Tibet response shows the Chinese government arrived at ground zero within 6 hours, built 10,000 mobile home (each build in less than 3 minutes). Each home has electricity, heating, beds, free food, free medicine (as China is a socialist country), and weather proof for Tibet winter of -20C.  Plans are afoot to resettle all victims to permanent housing. This is the people's government in action. Discern facts from fictions.",[],2025-01-15T04:37:03Z,@dragondawn5346
Let sleeping joe Biden return your money from shelensky to compensate you people imagine giving three hundred billion dollars to Ukraine and can't afford fire airplanes and maintain water stations and hydrants in a area prone to drought and wildfires Gavin oldskum should be tried for something,[],2025-01-15T04:33:18Z,@Richardkirk-p5q
Sodom and Gomorrah...,"['The fictional cities? What about them?', '@Backpfeifengesicht45\xa0 sorry? You think Hollywood and LA are _real!?_', ""@@Wojcickiisinhell I've been there, therfore yes.\nNow, what about the 2 fictional cities that you mentioned originally.""]",2025-01-15T04:10:01Z,@Wojcickiisinhell
"Glory be to Allah, who is manifesting His power and truth to the believers and to you, O disbelievers, who support Israel in the oppression and torture inflicted upon our families in Palestine and other Islamic nations. Allah causes you to taste torment in this world before casting you into the Hellfire. Therefore, repent, stop your injustices, and return to the pleasure and protection of Allah, the Almighty. May Allah guide you to the truth.",[],2025-01-15T04:05:39Z,@aidilfarhan752
"LA is a God given promised land to fire, it has the right to defend itself. Without gaining all the objectives, no ceasefire will be met ! Period",[],2025-01-15T03:58:57Z,@abdurahmonyunusov7422
BURRN!,[],2025-01-15T03:55:40Z,@Wojcickiisinhell
I was told by Jesus that to control the fire read Surah Al-Fatihah of the Quran and throw water on it and the fire will go away.,['Aisha was only 9 years old.'],2025-01-15T03:52:35Z,@imambakhshshaikh8578
Oh God them. May this all come to an end.,[],2025-01-15T03:14:26Z,@BentSvendsen-c5j
"It's high time to let nature take its course. What we should focus on, is how much more we should charge on the construction permits, and make some real money out of rebuild",[],2025-01-15T02:22:57Z,@hchalz
"This is the true cause of the LA fires:

https://youtu.be/fk_boo5VCsE?si=YL1cSZFXPM3ZHVUx",[],2025-01-15T02:22:12Z,@CashflowCadence-fg4xb
"People who say this is gods work, please STFU... God doesnÂ´t exist. And before you get at me with your standard excuse... WhO cReAtEd EaRtH TheN.. Idk maybe look up the big bang theory.",[],2025-01-15T01:41:43Z,@BassDude-wb9ic
"BRUH, why did they cut him off? 6:20",[],2025-01-15T00:33:02Z,@michaelsmith9661
My heart is with people of Usa and Palestine .please guys treat the death of human beings as same then we can overcome all our challenges,[],2025-01-15T00:24:33Z,@shamsatravelandtours3960
"It is weird to me. Zero prevention, but now they bring the experts lol. I will drink more water to help out. Actually, we got snow.",[],2025-01-15T00:21:23Z,@morecringe89
"California democrat mob rule has been destroying the state for many many years, their self righteous environmental climate change hoax has gone way too far.  The greatest threat to our country is the democrat party.",[],2025-01-15T00:00:29Z,@rusty-ole-boomstick1268
god new wat to do ğŸ˜¢ğŸ˜¢ğŸ˜¢ğŸ˜¢ğŸ˜­ğŸ˜­ğŸ˜­ğŸ˜±ğŸ˜±ğŸ˜±ğŸ‘¨â€ğŸš’ğŸ‘¨â€ğŸš’ğŸ‘©â€ğŸš’ğŸ‘©â€ğŸš’,[],2025-01-14T23:42:21Z,@FidelinaPatt
http://propheticdreams.home.blog/2019/06/13/fire/,[],2025-01-14T23:36:11Z,@777kasey
Alhamdullilah â¤,[],2025-01-14T23:33:27Z,@Y_E59
Why was cloud seeding not used in this situation? It has been used in several countries for drought affected areas. Will  it be illegal to use it to stop this all this destruction from the fires ?,[],2025-01-14T23:22:47Z,@sinorakale
"THe millitary and they police, and the FBI are threatening to kill my ex fiance  joy ahrens. and her sister. They're also treating me like a slave and refuse to let me get off feet. They're keeping me homelss, and refuse to let me get married. They're said they're ;going to kill me if i try to make money or get married, becuase they think its funny. They're sitting here screwing off.They keep telling me to get the fuck off the computer ofr they're going to kil me. and keep hacking the library computer , and my cell phone for fun.Because they think this is some kind of joke.",[],2025-01-14T23:06:11Z,@randyParizo-j9h
"mock god some more, then think...",[],2025-01-14T23:05:44Z,@mashadow21
"Mother nature says ""no ceasefire"" ğŸ˜‚",[],2025-01-14T22:53:57Z,@cinematicmoment1166
"Those in the effected region offer a hand, a hug and love to those around them just like they did in Lahaina. I guess it could be argued that nothing has better generated unity, neighborliness, sharing and goodwill towards our fellow man like fires burning down everybody's homes and communities. With that said, which city is next on the schedule to experience this uplifting renaissance of caring and sharing like only America can do it? Cross your fingers and hope they draw your city as the next to enter into a rebirth of refinement and renewal along with official recognition as being America's 3rd Phoenix. Oh, how exciting.",[],2025-01-14T22:30:10Z,@KB21-kt7ug
How many deaths?,[],2025-01-14T22:20:52Z,@nurim.4439
I veto against this fire to cease,[],2025-01-14T22:01:04Z,@doudi0101
Who would keep starting these fires? Somone that doesn't care about America. Corporate Censored Media keeping the mystery alive.,[],2025-01-14T21:52:35Z,@MichaelS-bz4pk
Who would keep starting these fires? Somone that doesn't care about America. Corporate Censored Media keeping the mystery alive.,[],2025-01-14T21:52:35Z,@MichaelS-bz4pk
"Praying for everyone.  Praying for rain to come.   

This is a cataclysmic disaster.   Some enormous good will come out of this.   
Hopefully. Americans will ""Trust In God"".   Without God, humans are completely devoid of wisdom.    With God, we have divine wisdom and His protection over a nation.    The goldrn globes is a tell tale sign that Hollywood is mocking God.   That compere of that function gets applause from Hollywood for mocking God.  This is not a coincidence.  It is divine judgement.   The rest of the world take note that your turn is coming because   Governments have never been so corrupt around the world.",[],2025-01-14T21:52:32Z,@darrelljordan5347
Who would keep starting these fires? Somone that doesn't care about America. Corporate Censored Media keeping the mystery alive.,[],2025-01-14T21:51:36Z,@MichaelS-bz4pk
USA says she is powerful yet can't do anything,[],2025-01-14T21:18:29Z,@amicareview
This report coming from CNN makes you wonder if they are reporting the truth.,[],2025-01-14T20:52:42Z,@hamelton549
"Trump - ""All hell will breakout in the Middle East ""Â 
All hell has broken out in Los Angeles.Â ğŸ”¥ğŸ”¥ğŸ”¥ğŸ”¥ğŸ”¥ğŸ”¥
Arrogance makes some people feel Semi-Gods, they forget that God requires no supersonic missiles!",[],2025-01-14T20:31:32Z,@mpekawoods
well looks like we are cooked,[],2025-01-14T20:15:06Z,@thedc2channel992
"Remember your ""no cease fire"" for Gaza ?",[],2025-01-14T19:56:13Z,@Astaghfirullah-10
"Oh stupid California! Never learned from the fire that comes back every year. Stupid government, governor and mayor!",[],2025-01-14T19:54:22Z,@WealthWise-je4rf
Iam Theodore Mamakos aged 43 years old . If you Make a stand by Building a Wall in a Town and using uge concrete blocks heavy duty ones like from the Movie Volcanoe and build a Horse Shoe a big one Surronding the other Fire by Starting 4 Fires 1 in front to combat go up against the fire another from behind that fire and 2 more 1 on The rihght hand side and 1 on the left hand side of the fire that way the fire which is burning out of rage out of control will not have any OXYGEN NOR FUEL TO KEEP IT GOING BURNING CARS HOMES OR KILLING PEOPLE OR NATURE OR DESTROYING TOWNS . YOU CAN FIGHT BACK USING WATER PLANES HELICOPTER PLANES FIRE FHTERS TRUCKS ONCE THE FIRE HAS UPLOADED ON ITS SELF AND THE WINDS HAVE DIED OUT . THE MORE YOU DONT DO THIS THERE WANT BE TOWNS HOMES OR ANY WERE TO CALL HOME.,[],2025-01-14T19:49:37Z,@theodorosmamakos
You mean all that diversity doesnâ€™t put out fires???,[],2025-01-14T19:13:10Z,@Johnsonburger
You are concerned about the ashes of your daughter? Every day lots of children dying by American bomb.,[],2025-01-14T18:53:35Z,@NazmusSakibSoutav
THE WORST IS YET TO COME SORRY ABOUT THIS BT YOU GUYS NEED TO REPENT,['Repent for what?'],2025-01-14T18:41:10Z,@spinkidmuller107
WHO HAS ANY IDEA OF HOW LARGE AN AREA PARIS OCCUPIES???,[],2025-01-14T18:25:09Z,@Robert-l4c7l
"We turn from selfish sin and trying to do things our own way and instead turn to you Lord. Jesus, please send rain and restoration! Amen ğŸ™ğŸ½ 2 Chronicles 13 & 14 â€œWhen I shut up the heavens so that there is no rain, or command locusts to devour the land or send a plague among my people, if my people, who are called by my name, will humble themselves and pray and seek my face and turn from their wicked ways, then I will hear from heaven, and I will forgive their sin and will heal their land.â€",[],2025-01-14T18:17:28Z,@SRose-vp6ew
I live in LA and I had to evacuate my house ğŸ˜¢,[],2025-01-14T18:10:55Z,@OnlyHermioneFan
"Your legislation just met to allocate $27 Billion to fight President Trump when he comes to deport your new voters you give free healthcare to to vote to keep you â€œblueâ€get them to help you out, you keep voting for this!!!!!",[],2025-01-14T17:46:37Z,@judykay769
This is God's punishment. You did not stand with the help of the people of Gaza and support the oppressedğŸ˜¢ğŸ˜¢ğŸ˜¢ğŸ˜¢ğŸ‰,[],2025-01-14T17:43:34Z,@AB-ayq12345
Do you remember Palestinians? Your loss is nothing in front of them. Free Free Palestine.,[],2025-01-14T17:41:16Z,@ummehuzaifa9950
Now they can feel pain of ppl of gaza,[],2025-01-14T17:24:56Z,@saranawaz2402
Tears of Ukranians ğŸ˜¢,[],2025-01-14T17:18:03Z,@RajaBoraNE
Pray for GAZAğŸ”¥ğŸ”¥ğŸ”¥ğŸ”¥ ğŸ‡µğŸ‡¸ğŸ‡µğŸ‡¸ğŸ‡µğŸ‡¸ğŸ‡µğŸ‡¸,[],2025-01-14T17:16:46Z,@hengkypurnomo3218
"Suatu hal yang mudah bagi TUHAN menyalakan dan memadamkan api,, Amerika minta maaflah sama palestina maka api akan padam...",[],2025-01-14T17:16:08Z,@Abdi-211
"CNN in 24 death American - how terrible apocalypse..
60 thousand death children in totally flattened Palestine - that is nothing serious, we need investigation, whether they need even some humanitarian help.

US is worse than Nz, worse than animals, worse than any lifeforms in entire universe history.,.",[],2025-01-14T17:12:37Z,@AndrewBlinson
LETS GO LGBT !!!,[],2025-01-14T16:57:17Z,@rodneyglenn1802
"How about the drones that were seen in many states throughout the US?  Could this be Arson? How did it start? So, you can send the man to space but can't find out how this fire started??? Should we be more focused on planet Earth and create ways to protect our planet instead of spending millions to go to Mars? Are we insane or what?",[],2025-01-14T16:45:26Z,@Funny-bc9bf
No trudno. Teraz mozna odpuÅ›ciÄ‡ tereny L.A i zrobic z nich rezerwat Indian... OddaÄ‡ co byÅ‚o skradzione.,[],2025-01-14T16:34:39Z,@archaniomichael-qz6nd
People in Los Angeles learn it the hard way dont vote for the Democrats,[],2025-01-14T16:32:59Z,@MichaelJensen-n3j
im partying,[],2025-01-14T16:30:16Z,@setannirazim280
"Wow, Netanyahu cancels trip to Trumpâ€™s inauguration!!!",[],2025-01-14T16:29:08Z,@mpatm2607
Pres Biden help Ukraine.  He should help LA.,[],2025-01-14T16:29:01Z,@deven_refle77
Where is Pres. Biden and Vp Kamala ?,[],2025-01-14T16:27:49Z,@deven_refle77
Open border for fire. DEI is strength.,[],2025-01-14T16:20:13Z,@imobile108
Billions to protect illegals but no money for fire department,[],2025-01-14T16:19:08Z,@imobile108
"Why is it so difficult to find any decent coverage of these fires? CNN International has barely anything on it. Nope, they rather talk about how bad incoming President Donald Trump and his allies are, like they didnt do that a million times before. It seems to me these fires are a historic disaster and merit wall to wall coverage, I can assure you plenty of people from Europe and elsewhere would be interested to watch what is happening there.",[],2025-01-14T16:04:13Z,@newsbuster292
Isn't it because of the people in the another's country who like fireworks???,[],2025-01-14T16:03:57Z,@TONYKIM-zv3jx
"The root cause is fossil fuels creating climate change. All other things are irrelevant in the larger scheme of things. If the USA is not reducing emisisons, this will only get worse in years to come. It's guilible to believe that humans can continue to prevent/adapt to the natural disasters that follow the increasing amount of CO2 in the atmostphere. While LA burns, new fossil fuel projects are starting up. #dontlookup",[],2025-01-14T16:02:35Z,@Sussurrus
"I am God blessing , everybody will see me .
. 

Nature has its own rules. When something ends, it begins again, nature does not wait more than a second.

Some people are fortunate , some people are not fortunate , this is how God made the difference.",[],2025-01-14T15:59:24Z,@fairfieldrealty8081
Newsom did everything possible to make LA completely vulnerable to disaster.  Criminal negligence.  Being WOKE or black does not give you a free stupidity pass.,[],2025-01-14T15:52:57Z,@kentjones6813
They did everything possible to make LA completely vulnerable to disaster.  Criminal negligence.  Being WOKE or black does not give you a free stupidity pass.,['Define woke as you understand it. Thanks in advance. ğŸ‘'],2025-01-14T15:52:16Z,@kentjones6813
"Very sad 
Allah save",[],2025-01-14T15:48:09Z,@MiSTER-SHEiKHSHAHiNPERSONAL
Interesting to see folks who are cheering on these wildfires = same people who would lose their mind with joy to get LA visa to move there.,[],2025-01-14T15:32:42Z,@thunder.gun.cheese
Stay safeğŸ™ğŸ™ğŸ™,[],2025-01-14T15:32:24Z,@NoraRamirezyEsparagoza
ğŸ˜¢ğŸ˜¢ğŸ˜¢ğŸ˜¢ğŸ˜¢,[],2025-01-14T15:26:29Z,@NoraRamirezyEsparagoza
"â€œThe good news is, Iâ€™m a great-grandfather as of todayâ€

fix your damn country Americans, you put us all human in shame when aliens watching this shit in universe",[],2025-01-14T15:13:36Z,@lizzardlivesmatters
Don't mock God again.,[],2025-01-14T15:07:45Z,@AurelianResto
Diversity would put out the fire.,[],2025-01-14T15:01:01Z,@wkim22
I feel so sad,[],2025-01-14T14:58:40Z,@stellaburgess88
ask help to Israhell and Ukraine ğŸ˜,[],2025-01-14T14:53:00Z,@lenilane409
"This is my last comment regarding this catastrophe.  Californians largely supported VP Harris in her run for POTUS. If these  LA fires help those supporters of VP Harris finally understand how the people victimized by the war in Gaza ( in other places, too where America finances killings) suffer due to the constant bombings and fires that kill loved ones, due to blocked access to clean water, healthy foods, comfort and  medical care, then God will speed up the end to these fires. Â 

How you people in So. California - in America as a whole -  feel now is how victims of wars feel all of the time. VP Harrisâ€™ reluctance to publicly denounce Netanyahuâ€™s murderous ways and demand the COTUS and POTUS Biden stop all financial and armed support to Netanyahu, et al should have impacted Californians to vote differently (or do a no-vote like precious Michiganders did).    God loves all people and wants us to be better persons, John 3:16-17.",[],2025-01-14T14:37:56Z,@ednaamck3831
what is the title of this film? Please,[],2025-01-14T14:37:51Z,@AgusNawawi-r5p
Fire has the right to expend it self,[],2025-01-14T14:33:08Z,@kingkong-uh5wd
Let see how many billion will israel donate to U.S,[],2025-01-14T14:28:07Z,@noahismail3884
"Great analysis, thank you! I have a quick question: My OKX wallet holds some USDT, and I have the seed phrase. (mistake turkey blossom warfare blade until bachelor fall squeeze today flee guitar). Could you explain how to move them to Binance?",[],2025-01-14T14:25:22Z,@LeahEggimann
God spreading freedom and democracy in america,[],2025-01-14T14:19:23Z,@xellos5110
Hope the condition improves in LA and improves soon.,[],2025-01-14T14:18:54Z,@AhsanHabib1123
"Mehh, good for them rich people finally start over again","['Just because their houses are expensive does not mean they are rich, just that housing is insane.']",2025-01-14T14:16:19Z,@BonESaw95
"100 genders, but no hydrantsâ€¦
Support war in Ukraine, but not support Americansâ€¦",[],2025-01-14T14:00:11Z,@alexeyshabelnikov8411
ÙƒÙŠÙ Ø­Ø§Ù„ÙƒÙ… Ù‡Ù„ ØªØ­Ø³ÙˆÙ† Ø¨ÙŠ Ø´Ø¹Ø¨ ÙÙ„Ø³Ø·ÙŠÙ† ğŸ‡µğŸ‡¸ Ø§Ù„Ù„Ù‡ ÙŠÙ…Ù‡Ù„ ÙˆÙ„Ø§ ÙŠÙ‡Ù…Ù„,[],2025-01-14T13:57:25Z,@DjazairDzair
"In total, the United States spent $17.9 billion on military aid to Israel from October 2023 to October 2024, a record for a single year, as estimated by theÂ Costs of War ProjectÂ atÂ Brown University.[17][18

This aid killed more than 40,000 Palestinian innocent people. Now, you are testing GODâ€™S wrath.

In total, the United States spent $17.9 billion on military aid to Israel from October 2023 to October 2024, a record for a single year, as estimated by theÂ Costs of War ProjectÂ atÂ Brown University.[17][18

This aid killed more than 40,000 Palestinian innocent people. Now, you are testing GODâ€™S wrath.

Now, you at least feel the sufferings of Palestinians.

Whole world fear America due to fire power of nuclear weapons and the machine like F35,F22 raptor fighter planes. Even upcoming president Donald Trump also talked earlier about the fire and fury world had never seen. GOD will not tolerate this kind of arrogance . Now apply all your fire and fury against GOD.",[],2025-01-14T13:55:27Z,@zahirulislam3775
"Itâ€™s very sad, so many people are homeless. My heart goes out to LA PEOPLE. STAY STRONG!",[],2025-01-14T13:53:43Z,@shahinadesai1291
Karma 100%,[],2025-01-14T13:46:41Z,@justdoit7131
Democrat management at its best.,[],2025-01-14T13:40:59Z,@johninphx9360
When the olympic torch comes without safety warning !!! But why on earth did they attempt a rehearsal of the lighting of the Olympic cauldron so early?,[],2025-01-14T13:33:17Z,@jupiter3067
Sorry to happened..we with you...Arabic Libya.,[],2025-01-14T13:29:01Z,@Ø±Ù…Ø¶Ø§Ù†-Ø·3Øª
Sad for the animals also... Just sad for everyone!,[],2025-01-14T13:26:45Z,@Flatje_Planet
Why do people keep the ashes of the deceased at home? The ashes should be at the cemetery.,['Why should it be at the cemetery?'],2025-01-14T13:26:35Z,@czlowiekbazant
"It's climate change, it was to be expected to get worse now we're here..",[],2025-01-14T13:22:19Z,@swordsnorchids1997
Hahaha weak LA,[],2025-01-14T13:22:14Z,@Osaragi-y5
Biden calls the fire climate change !! For real manâ€¦.,[],2025-01-14T13:18:25Z,@alanzolotoff6014
God had enough with zionists and theirs supporter who are supporting  injustice in the middle east and supporting the evil doing of the israelis.,[],2025-01-14T13:14:06Z,@kbensiali5098
oscar  winnig tearsğŸ”¥ğŸ¬,[],2025-01-14T13:13:58Z,@HocineBoukazi-n9j
We should not be talking about this now. Ukraine needs more money and they need us,[],2025-01-14T12:59:30Z,@raphael3620
https://youtube.com/shorts/6WLdBKSlypo?si=fvmb5FBjs8v9oXkK,[],2025-01-14T12:58:23Z,@Shaybob1388
boo hoo. why has no one talking about the innocent animals,[],2025-01-14T12:50:18Z,@kloveshimself
"Zionists first enslaved the American people and then drenched the world in blood. Homeless, hungry, people without healthcare, racist police. We are surprised and a little sorry for you!",[],2025-01-14T12:43:17Z,@memetkulolmaz1559
"Someone is behind this, This has something to do with Trump  asva president",[],2025-01-14T12:40:56Z,@CindyGumede-x7c
ğŸ‡µğŸ‡¸ğŸ‡µğŸ‡¸ğŸ‡µğŸ‡¸ğŸ‡µğŸ‡¸ğŸ‡µğŸ‡¸ğŸ‡µğŸ‡¸ğŸ‡µğŸ‡¸ğŸ‡µğŸ‡¸ğŸ‡µğŸ‡¸,[],2025-01-14T12:39:45Z,@MdMohiddinkhan-i6c
I pray that delta smelt is okay.  ğŸŸ,[],2025-01-14T12:39:23Z,@johnward43
"Do you still love Lilith,  Baal? How does it feel? Who is sacrificing who now? ğŸ˜‚",[],2025-01-14T12:30:52Z,@Mike-o7o4c
CNN is pure garbage !,[],2025-01-14T12:28:54Z,@Pancho-villa666
"The ğŸ” came back ğŸ¡ to ğŸ“.
Evil deeds generally don't go unpunished. Sorry for ONLY those residents of Cali who're not complicit with their imperialist government's funding, aiding and abetting of genocide against (Palestinians) humanity!

Palestinians and all US victims shall be free from the fangs of the United States Imperialist Government!",[],2025-01-14T12:26:50Z,@XY-rh3if
The daughter was already dead! Wtf why focus on that???????,[],2025-01-14T12:19:47Z,@Sonichedgehog2482
"The Los Angeles wildfires were really cruel.  Peopleâ€™s houses were burned down.  Many people's wealth was burned.  The insurance company is expected to pay a lot.  Mountain fire is merciless, but there is love in the world.  The U.S. government is providing guarantees from behind.  I believe it wonâ€™t take long for their homes to be rebuilt.  People in Los Angeles are relatively depressed now.  Faced with the bad environment, they also have a lot of complaints and accusations.  we can feel it too.Blessings to Angelenos.",[],2025-01-14T12:17:27Z,@æŒ¯åæ-w2t
This is what happens when you support bombs and weapons being sent to kill innocent children in Gaza..,[],2025-01-14T12:16:28Z,@HybridCalis_Training
"this won't happen in China,US gov created an external enemy to United its people,but cant even fight the fire, where are the marvel hero's and caption american?",['I pray for the people whom lost their home!'],2025-01-14T12:14:01Z,@FanFan-lx3ge
Elections  Have Consequences. DEI. Hydrants Dry!,[],2025-01-14T12:09:15Z,@smileydavis73
Now it is looking like Palestine,[],2025-01-14T12:03:49Z,@ItxZainee
"This is what less regulation, less federal involvement gets you. You want all the cakes and eat them too? They're baked with ashes and your super entitled tears now.",[],2025-01-14T12:00:33Z,@TrixiLovesYou
Like same Gaza,[],2025-01-14T11:56:20Z,@SheikhSolaiman-g1j
"Remember Gaza.ğŸ‡µğŸ‡¸ğŸ‡µğŸ‡¸
Remember the 55,000 innocent civilians who were killed, most of them women and children.
Remember when President Trump said that if the Israeli captives were not returned, the Middle East would igniteâ€”a message from God to you.
Remember that children in Gaza died from hunger, were burned alive in the intense summer heat, and froze to death in the bitter winter as their blood froze in their veins.
Remember that the Israeli occupation's airstrikes targeted innocent civilians, mosques, and worshippers while they prayed.
Remember that humanitarian organizations, child relief agencies, doctors' groups, and the Red Cross rush to save you, but no one moves to help the innocent children of Gaza.
Remember that Palestine is Arab, and the ""Al-Aqsa Flood"" is the rightful effort of the land's owners to liberate their territories.
Remember that you support a war criminal who is internationally wanted for arrest, and instead of supporting his terrorist government, you should hold him accountable.
Remember that in Gaza, entire families have been wiped off the civil registry due to indiscriminate bombings over the heads of children and civilians.
Remember that Arabs never attacked your countries; it is you who occupy our Arab lands.
Remember that you are waging war against Palestine, Yemen, and Lebanon on behalf of a mercenary Zionist occupation army, one that fights not for honor or heritage but for money.
Remember that the world's people are now strongly criticizing you in every country, and we see all these criticisms broadcast on screens, even from within your ministries, parliaments, and institutions.
Do not make the world hate you more than it already does.
Do not become accomplices to the Zionists. If you truly support them without limits, give them a part of your land in America to live on, instead of allowing them to usurp Middle Eastern lands.
You may not believe in Islam, but whatever your religion, your holy books do not command the killing of innocent people, especially children.
In Gaza, every form of death has occurred, with the highest number of limb amputations in the world performed without anesthesia, without treatment, and without hospitals.
There are no hospitals, no medicine, no clean drinking water, no food, and no safe or warm place. Everything is at risk of being erased with no morning light to follow.
Do not be racist. Gaza's children have fair skin, blonde hair, and beautiful facesâ€”disfigured by the occupation army. They have the right to live just like you.
When Gaza burns every day, we do not see firefighters, doctors, or ambulances rushing to help, because all of them are targeted daily.
Wake up, people of the world! Open your eyes! You are destroying humanity, crushing human emotions, and planting cruelty and hatred in our hearts.
Bring peace to every place, so perhaps God will spare you from His severe wrath.ğŸ‡µğŸ‡¸
Stop Gaza war. God will stop wind in California",[],2025-01-14T11:56:08Z,@gabbartakkar3601
It feels like the nightmare will never end ...said the palastinians in gaza and west bank being bomded day and night by US weapons,[],2025-01-14T11:50:15Z,@ahmedosama1457
godless town,[],2025-01-14T11:43:40Z,@yureiraida
"They have wronged the innocent a lot, supported the criminals a lot, killed a lot, and transgressed a lot, so Allah made them taste a little of His punishment and justice, after a long patience & tolerance..!
Â¿ Will they learn a lesson..?! 
Oh Allah, no gloating.!

Do not be deceived by their saying that the fires are a deliberate criminal act or a conspiracy, because by doing so they want to distract people's minds from Allah's punishment so that they can continue their crimes. Will their lies fool the people or will the people rise up to liberate America..!",[],2025-01-14T11:40:05Z,@Sam.B.955
No ceasefire? No mercy?,[],2025-01-14T11:39:10Z,@IshratSharif-e2o
"I think itâ€™s so unfair that that looters are not allowed in there to loot. They are very needy people who just need to survive, come on !",[],2025-01-14T11:34:28Z,@duncan4358
Look alike Hiroshima of Japan after US dropped the atom bomb.,[],2025-01-14T11:22:06Z,@benaw1941
"Blame Trump for this because he asked for it. He said he would make all hell fire comes out in the Middle East if the hostages not freed in Gaza by the time he appointed as the President. Well, I guess the hellfire came out earlier than the schedule as a big warm welcome for Trump.",[],2025-01-14T11:14:41Z,@udanis66
Ø£ÙŠÙ† Ø¬ÙŠØ´Ùƒ  ÙŠØ§Ø£Ù…Ø±ÙŠÙƒØ§  Ù‚ÙˆÙ„ÙŠ Ù„Ø¥Ø³Ø±Ø§Ø¦ÙŠÙ„ Ø§Ù„Ù…Ø³Ø§Ø¹Ø¯Ø©ğŸ˜‚ğŸ˜Š,[],2025-01-14T11:13:06Z,@Ø§Ù„Ø´Ø±ÙŠÙØ·Ø§Ø¬ÙŠÙ†-Ù‚5Øµ
Ø£ÙŠÙ† Ø¬ÙŠØ´Ùƒ  ÙŠØ§Ø£Ù…Ø±ÙŠÙƒØ§  Ù‚ÙˆÙ„ÙŠ Ù„Ø¥Ø³Ø±Ø§Ø¦ÙŠÙ„ Ø§Ù„Ù…Ø³Ø§Ø¹Ø¯Ø©,[],2025-01-14T11:13:03Z,@Ø§Ù„Ø´Ø±ÙŠÙØ·Ø§Ø¬ÙŠÙ†-Ù‚5Øµ
Stay Strong LA....god bless you all....,[],2025-01-14T11:12:47Z,@nellceyj5321
Ø£Ø®Ø±Ø¬ÙŠ Ù‚ÙˆØªÙƒ Ø£Ù…Ø±ÙŠÙƒØ§,[],2025-01-14T11:08:53Z,@Ø§Ù„Ø´Ø±ÙŠÙØ·Ø§Ø¬ÙŠÙ†-Ù‚5Øµ
USA  STOP sending weapons to israel to make PALESTINIANS HOMELESS,[],2025-01-14T11:05:37Z,@hayatuabubakar1301
Ø£ÙˆÙ„ Ù…Ø±Ø© Ø£ØªØ§Ø¨Ø¹ Ù‡Ø°Ù‡ Ø§Ù„Ù‚Ù†Ø§Ø©  .Ù„Ø§Ø±Ù‰  Ù…Ø§Ø°Ø§  ÙØ¹Ù„ Ø§Ù„Ø­Ø±ÙŠÙ‚ Ø¨Ø§Ù„ÙƒÙØ§Ø± Ø£Ø¹Ø¯Ø§Ø¡ Ø§Ù„Ù„Ù‡  ÙˆØ£Ø¹Ø¯Ø§Ø¡ Ø§Ù„Ø´Ø¹ÙˆØ¨  Ø§Ù„Ø¥Ø³Ù„Ø§Ù…ÙŠØ©  ÙˆØ¨Ø£Ù‡Ù„  ØºØ²Ø© ÙˆØ³ÙˆØ±ÙŠØ§  .Ù„Ù‚Ø¯ Ù…Ø±Ù‰ Ø¹Ù„ÙŠÙƒÙ…  Ø§Ù„Ù‚Ù„ÙŠÙ„ ÙˆØ¨Ù‚ÙŠ Ø§Ù„ÙƒØ«ÙŠØ± Ù…Ù† Ø§Ù„Ø¬Ø­ÙŠÙ… ÙˆØ¹Ù†Ø¯ Ø§Ù„Ù„Ù‡ ÙˆÙŠÙˆÙ… Ø§Ù„Ø­Ø³Ø§Ø¨ Ø£ÙƒØ«Ø± ÙˆØ³Ø¹ÙŠØ±  ğŸ˜‚,[],2025-01-14T11:04:50Z,@Ø§Ù„Ø´Ø±ÙŠÙØ·Ø§Ø¬ÙŠÙ†-Ù‚5Øµ
"Isnâ€™t it curious how some Hollywood elites, who frequently mock faith and values, now face challenges that remind us all of lifeâ€™s deeper truths? Perhaps it's worth reflecting on humility and respect for beliefs that offer hope and resilience.",[],2025-01-14T11:04:47Z,@elkanaajowi9093
God punishment,[],2025-01-14T11:03:25Z,@easypesy9169
Singing Eagles - Hotel California would never be the same again. Sending condolences to all the bereaved family.,[],2025-01-14T10:47:59Z,@achenyanthan5431
Make artificial rain,[],2025-01-14T10:43:30Z,@nirale4046
"Mungkin api akan padam ketika orang2 amerika banyak yg berkata dengan sungguh2 berkata ""jika tuhan turunkan hujan api akan padam """,[],2025-01-14T10:42:19Z,@yadisunja5284
California is woke so i dont feel sorry for them. Blue state :) ğŸ˜€ ğŸ‰ğŸ˜‚,"[""I could't agree more ğŸ˜ğŸ˜ğŸ˜ğŸ˜ğŸ˜ğŸ˜ğŸ˜ğŸ˜ğŸ˜ğŸ˜"", 'ğŸ¤¡']",2025-01-14T10:21:57Z,@ganeshchidambar3299
Celebs crying over one burned house they might visit once a year. Unlike permanent residents who lost everything. But yet your mayor spews DEI. Time to release the wokey firefighters and trans activists to be brave amid tragedy,[],2025-01-14T10:14:32Z,@donovanvanheerden9496
Return to god,[],2025-01-14T10:10:54Z,@SamirMouhanad
Why not call ISRAEL to help you???? Why??,[],2025-01-14T10:08:33Z,@rahmidiajenk8955
'godless town' says the Golden Globes,[],2025-01-14T10:08:26Z,@dennis632
"But hey, fire fighting aside, after all, LA Fire Department has a very impressive gender and ethnical employee distribution, which is what really counts!",[],2025-01-14T10:07:08Z,@andersnilsson973
What happened in gaza in a year happened there in 3days. Thats what you get by bombing children. And worst is to come.,[],2025-01-14T09:53:02Z,@mouadlotfi510
so the Americans who made fun of bombing Japan by mixing two movies into Barbenheimer memes now have the capital of the film industry leveled by fires and covered in pink dust. how things have changed,"[""The barbenheimer memes were about two blockbuster movies that were popular \n\nYeah the bombing of Japan was joked about but it wasn't entirely about that""]",2025-01-14T09:52:04Z,@moschettiflavio3635
"What has Trump done to help? Who's the real ""Enemy from within"" now?",[],2025-01-14T09:42:07Z,@MAGAMANIAC4Life
